{"cameraMode":{"drawMode":0,"name":"Shaded","section":"Shading Mode"},"sceneLighting":true,"audioPlay":false,"sceneViewState":{"m_AlwaysRefresh":false,"showFog":true,"showSkybox":true,"showFlares":true,"showImageEffects":true,"showParticleSystems":true,"showVisualEffectGraphs":true,"m_FxEnabled":true},"in2DMode":false,"pivot":{"x":561.0964965820313,"y":215.62440490722657,"z":-34.844970703125},"rotation":{"x":0.03718132898211479,"y":0.006593489553779364,"z":0.00023732613772153854,"w":-0.9992954134941101},"size":150.80271911621095,"orthographic":false}